season,league,competition,category,section,section_label,match_date,kickoff_time,home_team,away_team,home_score,away_score,stadium,attendance,status,match_url,match_id
2026,J1,明治安田Ｊ１百年構想 EASTグループ,100yj1,1,第１節第１日,2026-02-06,19:03,y-fm,mcd,2.0,3.0,日産ス,30529.0,finished,https://data.j-league.or.jp/SFMS01/search?competition_years=20261&competition_frame_ids=35&tv_relay_station_name=,2026-100yj1-1-y-fm-vs-mcd
2026,J1,明治安田Ｊ１百年構想 WESTグループ,100yj1,1,第１節第１日,2026-02-06,19:03,kyot,kobe,1.0,1.0,サンガＳ,15083.0,finished,https://data.j-league.or.jp/SFMS01/search?competition_years=20261&competition_frame_ids=35&tv_relay_station_name=,2026-100yj1-1-kyot-vs-kobe
2026,J1,明治安田Ｊ１百年構想 WESTグループ,100yj1,1,第１節第１日,2026-02-06,19:06,ngsk,hiro,1.0,3.0,ピースタ,20134.0,finished,https://data.j-league.or.jp/SFMS01/search?competition_years=20261&competition_frame_ids=35&tv_relay_station_name=,2026-100yj1-1-ngsk-vs-hiro
2026,J1,明治安田Ｊ１百年構想 EASTグループ,100yj1,1,第１節第２日,2026-02-07,13:04,chib,uraw,0.0,2.0,フクアリ,16338.0,finished,https://data.j-league.or.jp/SFMS01/search?competition_years=20261&competition_frame_ids=35&tv_relay_station_name=,2026-100yj1-1-chib-vs-uraw
2026,J1,明治安田Ｊ１百年構想 EASTグループ,100yj1,1,第１節第２日,2026-02-07,13:35,FCtk,kasm,1.0,1.0,味スタ,32180.0,finished,https://data.j-league.or.jp/SFMS01/search?competition_years=20261&competition_frame_ids=35&tv_relay_station_name=,2026-100yj1-1-FCtk-vs-kasm
2026,J1,明治安田Ｊ１百年構想 WESTグループ,100yj1,1,第１節第２日,2026-02-07,16:03,c-os,g-os,0.0,0.0,ヤンマー,42101.0,finished,https://data.j-league.or.jp/SFMS01/search?competition_years=20261&competition_frame_ids=35&tv_relay_station_name=,2026-100yj1-1-c-os-vs-g-os
2026,J1,明治安田Ｊ１百年構想 EASTグループ,100yj1,1,第１節第３日,2026-02-08,15:03,ka-f,kasw,5.0,3.0,Ｕ等々力,22226.0,finished,https://data.j-league.or.jp/SFMS01/search?competition_years=20261&competition_frame_ids=35&tv_relay_station_name=,2026-100yj1-1-ka-f-vs-kasw
2026,J1,明治安田Ｊ１百年構想 EASTグループ,100yj1,1,第１節第３日,2026-02-08,16:03,tk-v,mito,3.0,1.0,味スタ,17941.0,finished,https://data.j-league.or.jp/SFMS01/search?competition_years=20261&competition_frame_ids=35&tv_relay_station_name=,2026-100yj1-1-tk-v-vs-mito
2026,J1,明治安田Ｊ１百年構想 WESTグループ,100yj1,1,第１節第３日,2026-02-08,13:08,fuku,okay,1.0,1.0,ベススタ,10849.0,finished,https://data.j-league.or.jp/SFMS01/search?competition_years=20261&competition_frame_ids=35&tv_relay_station_name=,2026-100yj1-1-fuku-vs-okay
2026,J1,明治安田Ｊ１百年構想 WESTグループ,100yj1,1,第１節第３日,2026-02-08,14:03,nago,shim,1.0,0.0,豊田ス,38120.0,finished,https://data.j-league.or.jp/SFMS01/search?competition_years=20261&competition_frame_ids=35&tv_relay_station_name=,2026-100yj1-1-nago-vs-shim
2026,J1,明治安田Ｊ１百年構想 WESTグループ,100yj1,2,第２節第１日,2026-02-13,19:03,kobe,ngsk,2.0,0.0,ノエスタ,18633.0,finished,https://data.j-league.or.jp/SFMS01/search?competition_years=20261&competition_frame_ids=35&tv_relay_station_name=,2026-100yj1-2-kobe-vs-ngsk
2026,J1,明治安田Ｊ１百年構想 EASTグループ,100yj1,2,第２節第１日,2026-02-14,14:03,mcd,mito,2.0,2.0,Ｇスタ,10442.0,finished,https://data.j-league.or.jp/SFMS01/search?competition_years=20261&competition_frame_ids=35&tv_relay_station_name=,2026-100yj1-2-mcd-vs-mito
2026,J1,明治安田Ｊ１百年構想 EASTグループ,100yj1,2,第２節第１日,2026-02-14,15:03,FCtk,uraw,1.0,1.0,味スタ,32365.0,finished,https://data.j-league.or.jp/SFMS01/search?competition_years=20261&competition_frame_ids=35&tv_relay_station_name=,2026-100yj1-2-FCtk-vs-uraw
2026,J1,明治安田Ｊ１百年構想 EASTグループ,100yj1,2,第２節第１日,2026-02-14,15:03,kasm,y-fm,1.0,0.0,メルスタ,31091.0,finished,https://data.j-league.or.jp/SFMS01/search?competition_years=20261&competition_frame_ids=35&tv_relay_station_name=,2026-100yj1-2-kasm-vs-y-fm
2026,J1,明治安田Ｊ１百年構想 WESTグループ,100yj1,2,第２節第２日,2026-02-14,14:03,hiro,okay,1.0,1.0,Ｅピース,27179.0,finished,https://data.j-league.or.jp/SFMS01/search?competition_years=20261&competition_frame_ids=35&tv_relay_station_name=,2026-100yj1-2-hiro-vs-okay
2026,J1,明治安田Ｊ１百年構想 WESTグループ,100yj1,2,第２節第２日,2026-02-14,14:03,shim,kyot,1.0,1.0,アイスタ,15416.0,finished,https://data.j-league.or.jp/SFMS01/search?competition_years=20261&competition_frame_ids=35&tv_relay_station_name=,2026-100yj1-2-shim-vs-kyot
2026,J1,明治安田Ｊ１百年構想 EASTグループ,100yj1,2,第２節第２日,2026-02-15,13:03,chib,ka-f,0.0,0.0,フクアリ,16389.0,finished,https://data.j-league.or.jp/SFMS01/search?competition_years=20261&competition_frame_ids=35&tv_relay_station_name=,2026-100yj1-2-chib-vs-ka-f
2026,J1,明治安田Ｊ１百年構想 EASTグループ,100yj1,2,第２節第２日,2026-02-15,14:03,kasw,tk-v,1.0,2.0,三協Ｆ柏,13643.0,finished,https://data.j-league.or.jp/SFMS01/search?competition_years=20261&competition_frame_ids=35&tv_relay_station_name=,2026-100yj1-2-kasw-vs-tk-v
2026,J1,明治安田Ｊ１百年構想 WESTグループ,100yj1,2,第２節第３日,2026-02-15,15:03,fuku,c-os,0.0,2.0,ベススタ,6617.0,finished,https://data.j-league.or.jp/SFMS01/search?competition_years=20261&competition_frame_ids=35&tv_relay_station_name=,2026-100yj1-2-fuku-vs-c-os
2026,J1,明治安田Ｊ１百年構想 WESTグループ,100yj1,2,第２節第３日,2026-02-15,16:03,g-os,nago,0.0,0.0,パナスタ,34964.0,finished,https://data.j-league.or.jp/SFMS01/search?competition_years=20261&competition_frame_ids=35&tv_relay_station_name=,2026-100yj1-2-g-os-vs-nago
2026,J1,明治安田Ｊ１百年構想 EASTグループ,100yj1,3,第３節第１日,2026-02-21,14:03,tk-v,mcd,2.0,2.0,味スタ,15956.0,finished,https://data.j-league.or.jp/SFMS01/search?competition_years=20261&competition_frame_ids=35&tv_relay_station_name=,2026-100yj1-3-tk-v-vs-mcd
2026,J1,明治安田Ｊ１百年構想 EASTグループ,100yj1,3,第３節第１日,2026-02-21,14:03,y-fm,uraw,0.0,2.0,日産ス,27391.0,finished,https://data.j-league.or.jp/SFMS01/search?competition_years=20261&competition_frame_ids=35&tv_relay_station_name=,2026-100yj1-3-y-fm-vs-uraw
2026,J1,明治安田Ｊ１百年構想 EASTグループ,100yj1,3,第３節第１日,2026-02-21,15:03,ka-f,FCtk,1.0,2.0,Ｕ等々力,22672.0,finished,https://data.j-league.or.jp/SFMS01/search?competition_years=20261&competition_frame_ids=35&tv_relay_station_name=,2026-100yj1-3-ka-f-vs-FCtk
2026,J1,明治安田Ｊ１百年構想 EASTグループ,100yj1,3,第３節第１日,2026-02-21,16:03,kasm,kasw,2.0,0.0,メルスタ,25993.0,finished,https://data.j-league.or.jp/SFMS01/search?competition_years=20261&competition_frame_ids=35&tv_relay_station_name=,2026-100yj1-3-kasm-vs-kasw
2026,J1,明治安田Ｊ１百年構想 WESTグループ,100yj1,3,第３節第１日,2026-02-21,14:33,shim,kobe,1.0,0.0,アイスタ,16584.0,finished,https://data.j-league.or.jp/SFMS01/search?competition_years=20261&competition_frame_ids=35&tv_relay_station_name=,2026-100yj1-3-shim-vs-kobe
2026,J1,明治安田Ｊ１百年構想 WESTグループ,100yj1,3,第３節第１日,2026-02-21,15:03,nago,ngsk,1.0,3.0,豊田ス,28581.0,finished,https://data.j-league.or.jp/SFMS01/search?competition_years=20261&competition_frame_ids=35&tv_relay_station_name=,2026-100yj1-3-nago-vs-ngsk
2026,J1,明治安田Ｊ１百年構想 EASTグループ,100yj1,3,第３節第２日,2026-02-22,14:03,mito,chib,1.0,1.0,Ｋｓスタ,9675.0,finished,https://data.j-league.or.jp/SFMS01/search?competition_years=20261&competition_frame_ids=35&tv_relay_station_name=,2026-100yj1-3-mito-vs-chib
2026,J1,明治安田Ｊ１百年構想 WESTグループ,100yj1,3,第３節第２日,2026-02-22,14:03,okay,g-os,1.0,2.0,ＪＦＥス,14412.0,finished,https://data.j-league.or.jp/SFMS01/search?competition_years=20261&competition_frame_ids=35&tv_relay_station_name=,2026-100yj1-3-okay-vs-g-os
2026,J1,明治安田Ｊ１百年構想 WESTグループ,100yj1,3,第３節第２日,2026-02-22,14:03,kyot,fuku,2.0,0.0,サンガＳ,15322.0,finished,https://data.j-league.or.jp/SFMS01/search?competition_years=20261&competition_frame_ids=35&tv_relay_station_name=,2026-100yj1-3-kyot-vs-fuku
2026,J1,明治安田Ｊ１百年構想 WESTグループ,100yj1,3,第３節第２日,2026-02-22,15:03,c-os,hiro,1.0,2.0,ヨドコウ,21013.0,finished,https://data.j-league.or.jp/SFMS01/search?competition_years=20261&competition_frame_ids=35&tv_relay_station_name=,2026-100yj1-3-c-os-vs-hiro
2026,J1,明治安田Ｊ１百年構想 EASTグループ,100yj1,4,第４節第１日,2026-02-27,19:03,mcd,chib,2.0,1.0,Ｇスタ,8015.0,finished,https://data.j-league.or.jp/SFMS01/search?competition_years=20261&competition_frame_ids=35&tv_relay_station_name=,2026-100yj1-4-mcd-vs-chib
2026,J1,明治安田Ｊ１百年構想 WESTグループ,100yj1,4,第４節第１日,2026-02-27,19:03,hiro,kyot,1.0,2.0,Ｅピース,26042.0,finished,https://data.j-league.or.jp/SFMS01/search?competition_years=20261&competition_frame_ids=35&tv_relay_station_name=,2026-100yj1-4-hiro-vs-kyot
2026,J1,明治安田Ｊ１百年構想 WESTグループ,100yj1,4,第４節第１日,2026-02-27,19:03,kobe,fuku,2.0,1.0,ノエスタ,11556.0,finished,https://data.j-league.or.jp/SFMS01/search?competition_years=20261&competition_frame_ids=35&tv_relay_station_name=,2026-100yj1-4-kobe-vs-fuku
2026,J1,明治安田Ｊ１百年構想 EASTグループ,100yj1,4,第４節第２日,2026-02-28,13:03,y-fm,tk-v,3.0,2.0,日産ス,21122.0,finished,https://data.j-league.or.jp/SFMS01/search?competition_years=20261&competition_frame_ids=35&tv_relay_station_name=,2026-100yj1-4-y-fm-vs-tk-v
2026,J1,明治安田Ｊ１百年構想 EASTグループ,100yj1,4,第４節第２日,2026-02-28,14:03,uraw,kasm,2.0,3.0,埼玉,52841.0,finished,https://data.j-league.or.jp/SFMS01/search?competition_years=20261&competition_frame_ids=35&tv_relay_station_name=,2026-100yj1-4-uraw-vs-kasm
2026,J1,明治安田Ｊ１百年構想 EASTグループ,100yj1,4,第４節第２日,2026-02-28,15:03,FCtk,kasw,0.0,2.0,味スタ,21869.0,finished,https://data.j-league.or.jp/SFMS01/search?competition_years=20261&competition_frame_ids=35&tv_relay_station_name=,2026-100yj1-4-FCtk-vs-kasw
2026,J1,明治安田Ｊ１百年構想 WESTグループ,100yj1,4,第４節第２日,2026-02-28,15:03,g-os,shim,2.0,2.0,パナスタ,26522.0,finished,https://data.j-league.or.jp/SFMS01/search?competition_years=20261&competition_frame_ids=35&tv_relay_station_name=,2026-100yj1-4-g-os-vs-shim
2026,J1,明治安田Ｊ１百年構想 WESTグループ,100yj1,4,第４節第２日,2026-02-28,17:03,ngsk,c-os,1.0,0.0,ピースタ,19941.0,finished,https://data.j-league.or.jp/SFMS01/search?competition_years=20261&competition_frame_ids=35&tv_relay_station_name=,2026-100yj1-4-ngsk-vs-c-os
2026,J1,明治安田Ｊ１百年構想 EASTグループ,100yj1,4,第４節第３日,2026-03-01,16:03,ka-f,mito,2.0,2.0,Ｕ等々力,22779.0,finished,https://data.j-league.or.jp/SFMS01/search?competition_years=20261&competition_frame_ids=35&tv_relay_station_name=,2026-100yj1-4-ka-f-vs-mito
2026,J1,明治安田Ｊ１百年構想 WESTグループ,100yj1,4,第４節第３日,2026-03-01,14:03,okay,nago,1.0,1.0,ＪＦＥス,14415.0,finished,https://data.j-league.or.jp/SFMS01/search?competition_years=20261&competition_frame_ids=35&tv_relay_station_name=,2026-100yj1-4-okay-vs-nago
2026,J1,明治安田Ｊ１百年構想 EASTグループ,100yj1,5,第５節第１日,2026-03-07,13:03,chib,kasw,2.0,1.0,フクアリ,14646.0,finished,https://data.j-league.or.jp/SFMS01/search?competition_years=20261&competition_frame_ids=35&tv_relay_station_name=,2026-100yj1-5-chib-vs-kasw
2026,J1,明治安田Ｊ１百年構想 EASTグループ,100yj1,5,第５節第１日,2026-03-07,14:03,FCtk,y-fm,3.0,0.0,MUFG国立,52934.0,finished,https://data.j-league.or.jp/SFMS01/search?competition_years=20261&competition_frame_ids=35&tv_relay_station_name=,2026-100yj1-5-FCtk-vs-y-fm
2026,J1,明治安田Ｊ１百年構想 EASTグループ,100yj1,5,第５節第１日,2026-03-07,15:03,uraw,mito,2.0,0.0,埼玉,27571.0,finished,https://data.j-league.or.jp/SFMS01/search?competition_years=20261&competition_frame_ids=35&tv_relay_station_name=,2026-100yj1-5-uraw-vs-mito
2026,J1,明治安田Ｊ１百年構想 EASTグループ,100yj1,5,第５節第１日,2026-03-07,16:03,kasm,tk-v,2.0,0.0,メルスタ,19298.0,finished,https://data.j-league.or.jp/SFMS01/search?competition_years=20261&competition_frame_ids=35&tv_relay_station_name=,2026-100yj1-5-kasm-vs-tk-v
2026,J1,明治安田Ｊ１百年構想 WESTグループ,100yj1,5,第５節第１日,2026-03-07,15:03,c-os,shim,0.0,0.0,ヨドコウ,15503.0,finished,https://data.j-league.or.jp/SFMS01/search?competition_years=20261&competition_frame_ids=35&tv_relay_station_name=,2026-100yj1-5-c-os-vs-shim
2026,J1,明治安田Ｊ１百年構想 WESTグループ,100yj1,5,第５節第１日,2026-03-07,16:03,fuku,nago,1.0,5.0,ベススタ,6695.0,finished,https://data.j-league.or.jp/SFMS01/search?competition_years=20261&competition_frame_ids=35&tv_relay_station_name=,2026-100yj1-5-fuku-vs-nago
2026,J1,明治安田Ｊ１百年構想 WESTグループ,100yj1,5,第５節第２日,2026-03-08,13:00,okay,kyot,1.0,0.0,ＪＦＥス,14089.0,finished,https://data.j-league.or.jp/SFMS01/search?competition_years=20261&competition_frame_ids=35&tv_relay_station_name=,2026-100yj1-5-okay-vs-kyot
2026,J1,明治安田Ｊ１百年構想 WESTグループ,100yj1,5,第５節第２日,2026-03-08,15:03,g-os,ngsk,3.0,2.0,パナスタ,27965.0,finished,https://data.j-league.or.jp/SFMS01/search?competition_years=20261&competition_frame_ids=35&tv_relay_station_name=,2026-100yj1-5-g-os-vs-ngsk
2026,J1,明治安田Ｊ１百年構想 EASTグループ,100yj1,6,第６節第１日,2026-03-14,13:03,y-fm,chib,2.0,0.0,日産ス,24596.0,finished,https://data.j-league.or.jp/SFMS01/search?competition_years=20261&competition_frame_ids=35&tv_relay_station_name=,2026-100yj1-6-y-fm-vs-chib
2026,J1,明治安田Ｊ１百年構想 EASTグループ,100yj1,6,第６節第１日,2026-03-14,14:03,kasw,mcd,0.0,1.0,三協Ｆ柏,12538.0,finished,https://data.j-league.or.jp/SFMS01/search?competition_years=20261&competition_frame_ids=35&tv_relay_station_name=,2026-100yj1-6-kasw-vs-mcd
2026,J1,明治安田Ｊ１百年構想 EASTグループ,100yj1,6,第６節第１日,2026-03-14,14:03,mito,FCtk,1.0,1.0,Ｋｓスタ,7439.0,finished,https://data.j-league.or.jp/SFMS01/search?competition_years=20261&competition_frame_ids=35&tv_relay_station_name=,2026-100yj1-6-mito-vs-FCtk
2026,J1,明治安田Ｊ１百年構想 EASTグループ,100yj1,6,第６節第１日,2026-03-14,15:03,kasm,ka-f,1.0,0.0,メルスタ,24916.0,finished,https://data.j-league.or.jp/SFMS01/search?competition_years=20261&competition_frame_ids=35&tv_relay_station_name=,2026-100yj1-6-kasm-vs-ka-f
2026,J1,明治安田Ｊ１百年構想 EASTグループ,100yj1,6,第６節第１日,2026-03-14,16:03,tk-v,uraw,1.0,0.0,MUFG国立,43725.0,finished,https://data.j-league.or.jp/SFMS01/search?competition_years=20261&competition_frame_ids=35&tv_relay_station_name=,2026-100yj1-6-tk-v-vs-uraw
2026,J1,明治安田Ｊ１百年構想 WESTグループ,100yj1,6,第６節第１日,2026-03-14,14:03,nago,kobe,0.0,3.0,豊田ス,35041.0,finished,https://data.j-league.or.jp/SFMS01/search?competition_years=20261&competition_frame_ids=35&tv_relay_station_name=,2026-100yj1-6-nago-vs-kobe
2026,J1,明治安田Ｊ１百年構想 WESTグループ,100yj1,6,第６節第１日,2026-03-14,14:03,kyot,c-os,1.0,2.0,サンガＳ,17009.0,finished,https://data.j-league.or.jp/SFMS01/search?competition_years=20261&competition_frame_ids=35&tv_relay_station_name=,2026-100yj1-6-kyot-vs-c-os
2026,J1,明治安田Ｊ１百年構想 WESTグループ,100yj1,6,第６節第１日,2026-03-14,14:03,shim,okay,1.0,1.0,アイスタ,13582.0,finished,https://data.j-league.or.jp/SFMS01/search?competition_years=20261&competition_frame_ids=35&tv_relay_station_name=,2026-100yj1-6-shim-vs-okay
2026,J1,明治安田Ｊ１百年構想 WESTグループ,100yj1,6,第６節第１日,2026-03-14,15:01,hiro,g-os,2.0,0.0,Ｅピース,26671.0,finished,https://data.j-league.or.jp/SFMS01/search?competition_years=20261&competition_frame_ids=35&tv_relay_station_name=,2026-100yj1-6-hiro-vs-g-os
2026,J1,明治安田Ｊ１百年構想 WESTグループ,100yj1,6,第６節第２日,2026-03-15,14:04,ngsk,fuku,1.0,0.0,ピースタ,20061.0,finished,https://data.j-league.or.jp/SFMS01/search?competition_years=20261&competition_frame_ids=35&tv_relay_station_name=,2026-100yj1-6-ngsk-vs-fuku
2026,J1,明治安田Ｊ１百年構想 EASTグループ,100yj1,7,第７節第１日,2026-03-18,19:03,mito,y-fm,1.0,0.0,Ｋｓスタ,7122.0,finished,https://data.j-league.or.jp/SFMS01/search?competition_years=20261&competition_frame_ids=35&tv_relay_station_name=,2026-100yj1-7-mito-vs-y-fm
2026,J1,明治安田Ｊ１百年構想 EASTグループ,100yj1,7,第７節第１日,2026-03-18,19:03,tk-v,ka-f,0.0,2.0,味スタ,15215.0,finished,https://data.j-league.or.jp/SFMS01/search?competition_years=20261&competition_frame_ids=35&tv_relay_station_name=,2026-100yj1-7-tk-v-vs-ka-f
2026,J1,明治安田Ｊ１百年構想 EASTグループ,100yj1,7,第７節第１日,2026-03-18,19:03,chib,FCtk,1.0,2.0,フクアリ,13046.0,finished,https://data.j-league.or.jp/SFMS01/search?competition_years=20261&competition_frame_ids=35&tv_relay_station_name=,2026-100yj1-7-chib-vs-FCtk
2026,J1,明治安田Ｊ１百年構想 EASTグループ,100yj1,7,第７節第１日,2026-03-18,19:33,uraw,kasw,1.0,1.0,埼玉,27106.0,finished,https://data.j-league.or.jp/SFMS01/search?competition_years=20261&competition_frame_ids=35&tv_relay_station_name=,2026-100yj1-7-uraw-vs-kasw
2026,J1,明治安田Ｊ１百年構想 EASTグループ,100yj1,7,第７節第１日,2026-03-18,19:33,mcd,kasm,0.0,3.0,MUFG国立,42218.0,finished,https://data.j-league.or.jp/SFMS01/search?competition_years=20261&competition_frame_ids=35&tv_relay_station_name=,2026-100yj1-7-mcd-vs-kasm
2026,J1,明治安田Ｊ１百年構想 WESTグループ,100yj1,7,第７節第１日,2026-03-18,18:33,c-os,okay,1.0,2.0,ヨドコウ,13230.0,finished,https://data.j-league.or.jp/SFMS01/search?competition_years=20261&competition_frame_ids=35&tv_relay_station_name=,2026-100yj1-7-c-os-vs-okay
2026,J1,明治安田Ｊ１百年構想 WESTグループ,100yj1,7,第７節第１日,2026-03-18,19:03,nago,hiro,2.0,1.0,豊田ス,18242.0,finished,https://data.j-league.or.jp/SFMS01/search?competition_years=20261&competition_frame_ids=35&tv_relay_station_name=,2026-100yj1-7-nago-vs-hiro
2026,J1,明治安田Ｊ１百年構想 WESTグループ,100yj1,7,第７節第１日,2026-03-18,19:03,fuku,shim,1.0,1.0,ベススタ,4126.0,finished,https://data.j-league.or.jp/SFMS01/search?competition_years=20261&competition_frame_ids=35&tv_relay_station_name=,2026-100yj1-7-fuku-vs-shim
2026,J1,明治安田Ｊ１百年構想 WESTグループ,100yj1,7,第７節第１日,2026-03-18,19:03,kobe,g-os,2.0,2.0,ノエスタ,21690.0,finished,https://data.j-league.or.jp/SFMS01/search?competition_years=20261&competition_frame_ids=35&tv_relay_station_name=,2026-100yj1-7-kobe-vs-g-os
2026,J1,明治安田Ｊ１百年構想 WESTグループ,100yj1,7,第７節第１日,2026-03-18,19:03,ngsk,kyot,1.0,2.0,ピースタ,18678.0,finished,https://data.j-league.or.jp/SFMS01/search?competition_years=20261&competition_frame_ids=35&tv_relay_station_name=,2026-100yj1-7-ngsk-vs-kyot
2026,J1,明治安田Ｊ１百年構想 WESTグループ,100yj1,8,第８節第１日,2026-03-21,14:03,okay,ngsk,0.0,1.0,ＪＦＥス,14150.0,finished,https://data.j-league.or.jp/SFMS01/search?competition_years=20261&competition_frame_ids=35&tv_relay_station_name=,2026-100yj1-8-okay-vs-ngsk
2026,J1,明治安田Ｊ１百年構想 WESTグループ,100yj1,8,第８節第１日,2026-03-21,14:35,fuku,g-os,2.0,2.0,ベススタ,7631.0,finished,https://data.j-league.or.jp/SFMS01/search?competition_years=20261&competition_frame_ids=35&tv_relay_station_name=,2026-100yj1-8-fuku-vs-g-os
2026,J1,明治安田Ｊ１百年構想 EASTグループ,100yj1,8,第８節第１日,2026-03-22,14:03,tk-v,FCtk,0.0,0.0,味スタ,29777.0,finished,https://data.j-league.or.jp/SFMS01/search?competition_years=20261&competition_frame_ids=35&tv_relay_station_name=,2026-100yj1-8-tk-v-vs-FCtk
2026,J1,明治安田Ｊ１百年構想 EASTグループ,100yj1,8,第８節第１日,2026-03-22,15:03,ka-f,y-fm,0.0,5.0,MUFG国立,50275.0,finished,https://data.j-league.or.jp/SFMS01/search?competition_years=20261&competition_frame_ids=35&tv_relay_station_name=,2026-100yj1-8-ka-f-vs-y-fm
2026,J1,明治安田Ｊ１百年構想 EASTグループ,100yj1,8,第８節第１日,2026-03-22,15:03,kasm,chib,2.0,1.0,メルスタ,27758.0,finished,https://data.j-league.or.jp/SFMS01/search?competition_years=20261&competition_frame_ids=35&tv_relay_station_name=,2026-100yj1-8-kasm-vs-chib
2026,J1,明治安田Ｊ１百年構想 EASTグループ,100yj1,8,第８節第１日,2026-03-22,16:03,kasw,mito,3.0,0.0,三協Ｆ柏,12733.0,finished,https://data.j-league.or.jp/SFMS01/search?competition_years=20261&competition_frame_ids=35&tv_relay_station_name=,2026-100yj1-8-kasw-vs-mito
2026,J1,明治安田Ｊ１百年構想 EASTグループ,100yj1,8,第８節第１日,2026-03-22,16:03,uraw,mcd,1.0,2.0,埼玉,34782.0,finished,https://data.j-league.or.jp/SFMS01/search?competition_years=20261&competition_frame_ids=35&tv_relay_station_name=,2026-100yj1-8-uraw-vs-mcd
2026,J1,明治安田Ｊ１百年構想 WESTグループ,100yj1,8,第８節第２日,2026-03-22,13:04,shim,hiro,3.0,1.0,アイスタ,16012.0,finished,https://data.j-league.or.jp/SFMS01/search?competition_years=20261&competition_frame_ids=35&tv_relay_station_name=,2026-100yj1-8-shim-vs-hiro
2026,J1,明治安田Ｊ１百年構想 WESTグループ,100yj1,8,第８節第２日,2026-03-22,14:03,kyot,nago,1.0,1.0,サンガＳ,18841.0,finished,https://data.j-league.or.jp/SFMS01/search?competition_years=20261&competition_frame_ids=35&tv_relay_station_name=,2026-100yj1-8-kyot-vs-nago
2026,J1,明治安田Ｊ１百年構想 WESTグループ,100yj1,8,第８節第２日,2026-03-22,15:03,c-os,kobe,1.0,1.0,ヨドコウ,20496.0,finished,https://data.j-league.or.jp/SFMS01/search?competition_years=20261&competition_frame_ids=35&tv_relay_station_name=,2026-100yj1-8-c-os-vs-kobe
2026,J1,明治安田Ｊ１百年構想 WESTグループ,100yj1,5,第５節第３日,2026-03-27,19:03,kobe,hiro,2.0,1.0,ノエスタ,19200.0,finished,https://data.j-league.or.jp/SFMS01/search?competition_years=20261&competition_frame_ids=35&tv_relay_station_name=,2026-100yj1-5-kobe-vs-hiro
2026,J1,明治安田Ｊ１百年構想 EASTグループ,100yj1,5,第５節第２日,2026-03-28,14:03,mcd,ka-f,1.0,1.0,Ｇスタ,11316.0,finished,https://data.j-league.or.jp/SFMS01/search?competition_years=20261&competition_frame_ids=35&tv_relay_station_name=,2026-100yj1-5-mcd-vs-ka-f
2026,J1,明治安田Ｊ１百年構想 EASTグループ,100yj1,11,第１１節第１日,2026-04-01,19:03,mcd,FCtk,0.0,3.0,Ｇスタ,5851.0,finished,https://data.j-league.or.jp/SFMS01/search?competition_years=20261&competition_frame_ids=35&tv_relay_station_name=,2026-100yj1-11-mcd-vs-FCtk
2026,J1,明治安田Ｊ１百年構想 WESTグループ,100yj1,11,第１１節第１日,2026-04-01,19:03,kobe,shim,2.0,0.0,ノエスタ,10069.0,finished,https://data.j-league.or.jp/SFMS01/search?competition_years=20261&competition_frame_ids=35&tv_relay_station_name=,2026-100yj1-11-kobe-vs-shim
2026,J1,明治安田Ｊ１百年構想 EASTグループ,100yj1,9,第９節第１日,2026-04-04,13:03,chib,tk-v,3.0,2.0,フクアリ,13024.0,finished,https://data.j-league.or.jp/SFMS01/search?competition_years=20261&competition_frame_ids=35&tv_relay_station_name=,2026-100yj1-9-chib-vs-tk-v
2026,J1,明治安田Ｊ１百年構想 EASTグループ,100yj1,9,第９節第１日,2026-04-04,14:03,mito,kasm,1.0,1.0,Ｋｓスタ,10570.0,finished,https://data.j-league.or.jp/SFMS01/search?competition_years=20261&competition_frame_ids=35&tv_relay_station_name=,2026-100yj1-9-mito-vs-kasm
2026,J1,明治安田Ｊ１百年構想 WESTグループ,100yj1,9,第９節第１日,2026-04-04,15:03,nago,c-os,3.0,0.0,豊田ス,27248.0,finished,https://data.j-league.or.jp/SFMS01/search?competition_years=20261&competition_frame_ids=35&tv_relay_station_name=,2026-100yj1-9-nago-vs-c-os
2026,J1,明治安田Ｊ１百年構想 WESTグループ,100yj1,9,第９節第１日,2026-04-04,16:03,g-os,kyot,2.0,0.0,パナスタ,27863.0,finished,https://data.j-league.or.jp/SFMS01/search?competition_years=20261&competition_frame_ids=35&tv_relay_station_name=,2026-100yj1-9-g-os-vs-kyot
2026,J1,明治安田Ｊ１百年構想 EASTグループ,100yj1,9,第９節第２日,2026-04-05,14:03,kasw,y-fm,3.0,0.0,三協Ｆ柏,13515.0,finished,https://data.j-league.or.jp/SFMS01/search?competition_years=20261&competition_frame_ids=35&tv_relay_station_name=,2026-100yj1-9-kasw-vs-y-fm
2026,J1,明治安田Ｊ１百年構想 EASTグループ,100yj1,9,第９節第２日,2026-04-05,15:03,FCtk,mcd,0.0,0.0,味スタ,28760.0,finished,https://data.j-league.or.jp/SFMS01/search?competition_years=20261&competition_frame_ids=35&tv_relay_station_name=,2026-100yj1-9-FCtk-vs-mcd
2026,J1,明治安田Ｊ１百年構想 EASTグループ,100yj1,9,第９節第２日,2026-04-05,16:03,ka-f,uraw,3.0,2.0,Ｕ等々力,21735.0,finished,https://data.j-league.or.jp/SFMS01/search?competition_years=20261&competition_frame_ids=35&tv_relay_station_name=,2026-100yj1-9-ka-f-vs-uraw
2026,J1,明治安田Ｊ１百年構想 WESTグループ,100yj1,9,第９節第２日,2026-04-05,13:03,ngsk,shim,0.0,3.0,ピースタ,19706.0,finished,https://data.j-league.or.jp/SFMS01/search?competition_years=20261&competition_frame_ids=35&tv_relay_station_name=,2026-100yj1-9-ngsk-vs-shim
2026,J1,明治安田Ｊ１百年構想 WESTグループ,100yj1,9,第９節第２日,2026-04-05,14:03,hiro,fuku,0.0,1.0,Ｅピース,26050.0,finished,https://data.j-league.or.jp/SFMS01/search?competition_years=20261&competition_frame_ids=35&tv_relay_station_name=,2026-100yj1-9-hiro-vs-fuku
2026,J1,明治安田Ｊ１百年構想 WESTグループ,100yj1,9,第９節第２日,2026-04-05,14:03,okay,kobe,1.0,4.0,ＪＦＥス,14633.0,finished,https://data.j-league.or.jp/SFMS01/search?competition_years=20261&competition_frame_ids=35&tv_relay_station_name=,2026-100yj1-9-okay-vs-kobe
2026,J1,明治安田Ｊ１百年構想 EASTグループ,100yj1,10,第１０節第１日,2026-04-11,13:03,chib,mito,1.0,1.0,フクアリ,11529.0,finished,https://data.j-league.or.jp/SFMS01/search?competition_years=20261&competition_frame_ids=35&tv_relay_station_name=,2026-100yj1-10-chib-vs-mito
2026,J1,明治安田Ｊ１百年構想 EASTグループ,100yj1,10,第１０節第１日,2026-04-11,14:03,mcd,kasw,1.0,0.0,Ｇスタ,11325.0,finished,https://data.j-league.or.jp/SFMS01/search?competition_years=20261&competition_frame_ids=35&tv_relay_station_name=,2026-100yj1-10-mcd-vs-kasw
2026,J1,明治安田Ｊ１百年構想 EASTグループ,100yj1,10,第１０節第１日,2026-04-11,15:04,y-fm,FCtk,1.0,3.0,日産ス,23570.0,finished,https://data.j-league.or.jp/SFMS01/search?competition_years=20261&competition_frame_ids=35&tv_relay_station_name=,2026-100yj1-10-y-fm-vs-FCtk
2026,J1,明治安田Ｊ１百年構想 WESTグループ,100yj1,10,第１０節第１日,2026-04-11,14:03,hiro,shim,1.0,1.0,Ｅピース,26488.0,finished,https://data.j-league.or.jp/SFMS01/search?competition_years=20261&competition_frame_ids=35&tv_relay_station_name=,2026-100yj1-10-hiro-vs-shim
2026,J1,明治安田Ｊ１百年構想 WESTグループ,100yj1,10,第１０節第１日,2026-04-11,14:03,fuku,ngsk,1.0,0.0,ベススタ,13935.0,finished,https://data.j-league.or.jp/SFMS01/search?competition_years=20261&competition_frame_ids=35&tv_relay_station_name=,2026-100yj1-10-fuku-vs-ngsk
2026,J1,明治安田Ｊ１百年構想 WESTグループ,100yj1,10,第１０節第１日,2026-04-11,15:03,kobe,nago,3.0,2.0,ノエスタ,19847.0,finished,https://data.j-league.or.jp/SFMS01/search?competition_years=20261&competition_frame_ids=35&tv_relay_station_name=,2026-100yj1-10-kobe-vs-nago
2026,J1,明治安田Ｊ１百年構想 WESTグループ,100yj1,10,第１０節第１日,2026-04-11,16:03,g-os,c-os,0.0,1.0,パナスタ,35137.0,finished,https://data.j-league.or.jp/SFMS01/search?competition_years=20261&competition_frame_ids=35&tv_relay_station_name=,2026-100yj1-10-g-os-vs-c-os
2026,J1,明治安田Ｊ１百年構想 WESTグループ,100yj1,10,第１０節第１日,2026-04-11,16:03,kyot,okay,5.0,1.0,サンガＳ,13711.0,finished,https://data.j-league.or.jp/SFMS01/search?competition_years=20261&competition_frame_ids=35&tv_relay_station_name=,2026-100yj1-10-kyot-vs-okay
2026,J1,明治安田Ｊ１百年構想 EASTグループ,100yj1,10,第１０節第２日,2026-04-12,14:03,uraw,tk-v,1.0,1.0,埼玉,29530.0,finished,https://data.j-league.or.jp/SFMS01/search?competition_years=20261&competition_frame_ids=35&tv_relay_station_name=,2026-100yj1-10-uraw-vs-tk-v
2026,J1,明治安田Ｊ１百年構想 EASTグループ,100yj1,10,第１０節第２日,2026-04-12,16:03,ka-f,kasm,0.0,2.0,Ｕ等々力,23094.0,finished,https://data.j-league.or.jp/SFMS01/search?competition_years=20261&competition_frame_ids=35&tv_relay_station_name=,2026-100yj1-10-ka-f-vs-kasm
2026,J1,明治安田Ｊ１百年構想 EASTグループ,100yj1,11,第１１節第２日,2026-04-18,13:03,y-fm,ka-f,1.0,2.0,日産ス,26084.0,finished,https://data.j-league.or.jp/SFMS01/search?competition_years=20261&competition_frame_ids=35&tv_relay_station_name=,2026-100yj1-11-y-fm-vs-ka-f
2026,J1,明治安田Ｊ１百年構想 EASTグループ,100yj1,11,第１１節第２日,2026-04-18,14:03,kasm,uraw,1.0,0.0,メルスタ,28777.0,finished,https://data.j-league.or.jp/SFMS01/search?competition_years=20261&competition_frame_ids=35&tv_relay_station_name=,2026-100yj1-11-kasm-vs-uraw
2026,J1,明治安田Ｊ１百年構想 EASTグループ,100yj1,11,第１１節第２日,2026-04-18,15:03,tk-v,chib,1.0,0.0,味スタ,18239.0,finished,https://data.j-league.or.jp/SFMS01/search?competition_years=20261&competition_frame_ids=35&tv_relay_station_name=,2026-100yj1-11-tk-v-vs-chib
2026,J1,明治安田Ｊ１百年構想 WESTグループ,100yj1,11,第１１節第２日,2026-04-18,14:04,hiro,ngsk,2.0,0.0,Ｅピース,25623.0,finished,https://data.j-league.or.jp/SFMS01/search?competition_years=20261&competition_frame_ids=35&tv_relay_station_name=,2026-100yj1-11-hiro-vs-ngsk
2026,J1,明治安田Ｊ１百年構想 WESTグループ,100yj1,11,第１１節第２日,2026-04-18,16:03,c-os,kyot,3.0,0.0,ハナサカ,18835.0,finished,https://data.j-league.or.jp/SFMS01/search?competition_years=20261&competition_frame_ids=35&tv_relay_station_name=,2026-100yj1-11-c-os-vs-kyot
2026,J1,明治安田Ｊ１百年構想 EASTグループ,100yj1,11,第１１節第３日,2026-04-19,13:03,mito,kasw,2.0,0.0,Ｋｓスタ,8831.0,finished,https://data.j-league.or.jp/SFMS01/search?competition_years=20261&competition_frame_ids=35&tv_relay_station_name=,2026-100yj1-11-mito-vs-kasw
2026,J1,明治安田Ｊ１百年構想 WESTグループ,100yj1,11,第１１節第３日,2026-04-19,15:03,g-os,okay,2.0,2.0,パナスタ,27661.0,finished,https://data.j-league.or.jp/SFMS01/search?competition_years=20261&competition_frame_ids=35&tv_relay_station_name=,2026-100yj1-11-g-os-vs-okay
2026,J1,明治安田Ｊ１百年構想 WESTグループ,100yj1,11,第１１節第３日,2026-04-19,16:03,nago,fuku,2.0,2.0,パロ瑞穂,28924.0,finished,https://data.j-league.or.jp/SFMS01/search?competition_years=20261&competition_frame_ids=35&tv_relay_station_name=,2026-100yj1-11-nago-vs-fuku
2026,J1,明治安田Ｊ１百年構想 WESTグループ,100yj1,17,第１７節第１日,2026-04-22,19:03,g-os,fuku,1.0,2.0,パナスタ,15003.0,finished,https://data.j-league.or.jp/SFMS01/search?competition_years=20261&competition_frame_ids=35&tv_relay_station_name=,2026-100yj1-17-g-os-vs-fuku
2026,J1,明治安田Ｊ１百年構想 EASTグループ,100yj1,12,第１２節第１日,2026-04-24,19:03,kasw,kasm,0.0,1.0,三協Ｆ柏,13132.0,finished,https://data.j-league.or.jp/SFMS01/search?competition_years=20261&competition_frame_ids=35&tv_relay_station_name=,2026-100yj1-12-kasw-vs-kasm
2026,J1,明治安田Ｊ１百年構想 EASTグループ,100yj1,12,第１２節第１日,2026-04-24,19:03,FCtk,mito,5.0,2.0,味スタ,18098.0,finished,https://data.j-league.or.jp/SFMS01/search?competition_years=20261&competition_frame_ids=35&tv_relay_station_name=,2026-100yj1-12-FCtk-vs-mito
2026,J1,明治安田Ｊ１百年構想 EASTグループ,100yj1,12,第１２節第２日,2026-04-25,14:03,uraw,y-fm,2.0,3.0,埼玉,32797.0,finished,https://data.j-league.or.jp/SFMS01/search?competition_years=20261&competition_frame_ids=35&tv_relay_station_name=,2026-100yj1-12-uraw-vs-y-fm
2026,J1,明治安田Ｊ１百年構想 EASTグループ,100yj1,12,第１２節第２日,2026-04-25,15:03,ka-f,chib,2.0,1.0,Ｕ等々力,21492.0,finished,https://data.j-league.or.jp/SFMS01/search?competition_years=20261&competition_frame_ids=35&tv_relay_station_name=,2026-100yj1-12-ka-f-vs-chib
2026,J1,明治安田Ｊ１百年構想 WESTグループ,100yj1,12,第１２節第１日,2026-04-25,14:03,shim,nago,0.0,2.0,アイスタ,16687.0,finished,https://data.j-league.or.jp/SFMS01/search?competition_years=20261&competition_frame_ids=35&tv_relay_station_name=,2026-100yj1-12-shim-vs-nago
2026,J1,明治安田Ｊ１百年構想 WESTグループ,100yj1,12,第１２節第１日,2026-04-25,14:04,okay,fuku,2.0,0.0,ＪＦＥス,12819.0,finished,https://data.j-league.or.jp/SFMS01/search?competition_years=20261&competition_frame_ids=35&tv_relay_station_name=,2026-100yj1-12-okay-vs-fuku
2026,J1,明治安田Ｊ１百年構想 WESTグループ,100yj1,12,第１２節第１日,2026-04-25,16:03,hiro,c-os,2.0,1.0,Ｅピース,25547.0,finished,https://data.j-league.or.jp/SFMS01/search?competition_years=20261&competition_frame_ids=35&tv_relay_station_name=,2026-100yj1-12-hiro-vs-c-os
2026,J1,明治安田Ｊ１百年構想 WESTグループ,100yj1,12,第１２節第１日,2026-04-25,18:33,ngsk,g-os,1.0,1.0,ピースタ,20267.0,finished,https://data.j-league.or.jp/SFMS01/search?competition_years=20261&competition_frame_ids=35&tv_relay_station_name=,2026-100yj1-12-ngsk-vs-g-os
2026,J1,明治安田Ｊ１百年構想 EASTグループ,100yj1,13,第１３節第１日,2026-04-29,13:03,tk-v,kasm,2.0,1.0,味スタ,28105.0,finished,https://data.j-league.or.jp/SFMS01/search?competition_years=20261&competition_frame_ids=35&tv_relay_station_name=,2026-100yj1-13-tk-v-vs-kasm
2026,J1,明治安田Ｊ１百年構想 EASTグループ,100yj1,13,第１３節第１日,2026-04-29,14:03,chib,y-fm,2.0,3.0,フクアリ,16168.0,finished,https://data.j-league.or.jp/SFMS01/search?competition_years=20261&competition_frame_ids=35&tv_relay_station_name=,2026-100yj1-13-chib-vs-y-fm
2026,J1,明治安田Ｊ１百年構想 EASTグループ,100yj1,13,第１３節第１日,2026-04-29,15:03,uraw,ka-f,2.0,0.0,埼玉,30780.0,finished,https://data.j-league.or.jp/SFMS01/search?competition_years=20261&competition_frame_ids=35&tv_relay_station_name=,2026-100yj1-13-uraw-vs-ka-f
2026,J1,明治安田Ｊ１百年構想 EASTグループ,100yj1,13,第１３節第１日,2026-04-29,16:03,mito,mcd,2.0,2.0,Ｋｓスタ,7229.0,finished,https://data.j-league.or.jp/SFMS01/search?competition_years=20261&competition_frame_ids=35&tv_relay_station_name=,2026-100yj1-13-mito-vs-mcd
2026,J1,明治安田Ｊ１百年構想 EASTグループ,100yj1,13,第１３節第１日,2026-04-29,16:03,kasw,FCtk,1.0,3.0,三協Ｆ柏,13073.0,finished,https://data.j-league.or.jp/SFMS01/search?competition_years=20261&competition_frame_ids=35&tv_relay_station_name=,2026-100yj1-13-kasw-vs-FCtk
2026,J1,明治安田Ｊ１百年構想 WESTグループ,100yj1,13,第１３節第１日,2026-04-29,13:03,shim,ngsk,1.0,2.0,アイスタ,14571.0,finished,https://data.j-league.or.jp/SFMS01/search?competition_years=20261&competition_frame_ids=35&tv_relay_station_name=,2026-100yj1-13-shim-vs-ngsk
2026,J1,明治安田Ｊ１百年構想 WESTグループ,100yj1,13,第１３節第１日,2026-04-29,14:03,fuku,hiro,2.0,2.0,ベススタ,11200.0,finished,https://data.j-league.or.jp/SFMS01/search?competition_years=20261&competition_frame_ids=35&tv_relay_station_name=,2026-100yj1-13-fuku-vs-hiro
2026,J1,明治安田Ｊ１百年構想 WESTグループ,100yj1,13,第１３節第１日,2026-04-29,14:03,kobe,c-os,0.0,0.0,ノエスタ,25724.0,finished,https://data.j-league.or.jp/SFMS01/search?competition_years=20261&competition_frame_ids=35&tv_relay_station_name=,2026-100yj1-13-kobe-vs-c-os
2026,J1,明治安田Ｊ１百年構想 WESTグループ,100yj1,13,第１３節第１日,2026-04-29,15:03,kyot,g-os,1.0,1.0,サンガＳ,19891.0,finished,https://data.j-league.or.jp/SFMS01/search?competition_years=20261&competition_frame_ids=35&tv_relay_station_name=,2026-100yj1-13-kyot-vs-g-os
2026,J1,明治安田Ｊ１百年構想 WESTグループ,100yj1,13,第１３節第１日,2026-04-29,15:03,nago,okay,1.0,1.0,パロ瑞穂,27673.0,finished,https://data.j-league.or.jp/SFMS01/search?competition_years=20261&competition_frame_ids=35&tv_relay_station_name=,2026-100yj1-13-nago-vs-okay
2026,J1,明治安田Ｊ１百年構想 EASTグループ,100yj1,14,第１４節第１日,2026-05-02,14:03,y-fm,mito,1.0,1.0,日産ス,23997.0,finished,https://data.j-league.or.jp/SFMS01/search?competition_years=20261&competition_frame_ids=35&tv_relay_station_name=,2026-100yj1-14-y-fm-vs-mito
2026,J1,明治安田Ｊ１百年構想 EASTグループ,100yj1,14,第１４節第１日,2026-05-02,14:04,FCtk,ka-f,2.0,0.0,味スタ,33991.0,finished,https://data.j-league.or.jp/SFMS01/search?competition_years=20261&competition_frame_ids=35&tv_relay_station_name=,2026-100yj1-14-FCtk-vs-ka-f
2026,J1,明治安田Ｊ１百年構想 EASTグループ,100yj1,14,第１４節第１日,2026-05-02,16:03,uraw,chib,2.0,0.0,埼玉,41561.0,finished,https://data.j-league.or.jp/SFMS01/search?competition_years=20261&competition_frame_ids=35&tv_relay_station_name=,2026-100yj1-14-uraw-vs-chib
2026,J1,明治安田Ｊ１百年構想 WESTグループ,100yj1,14,第１４節第１日,2026-05-02,13:00,okay,hiro,1.0,0.0,ＪＦＥス,14255.0,finished,https://data.j-league.or.jp/SFMS01/search?competition_years=20261&competition_frame_ids=35&tv_relay_station_name=,2026-100yj1-14-okay-vs-hiro
2026,J1,明治安田Ｊ１百年構想 WESTグループ,100yj1,14,第１４節第１日,2026-05-02,14:03,kyot,shim,1.0,2.0,サンガＳ,16191.0,finished,https://data.j-league.or.jp/SFMS01/search?competition_years=20261&competition_frame_ids=35&tv_relay_station_name=,2026-100yj1-14-kyot-vs-shim
2026,J1,明治安田Ｊ１百年構想 WESTグループ,100yj1,14,第１４節第１日,2026-05-02,15:03,g-os,kobe,5.0,0.0,パナスタ,33314.0,finished,https://data.j-league.or.jp/SFMS01/search?competition_years=20261&competition_frame_ids=35&tv_relay_station_name=,2026-100yj1-14-g-os-vs-kobe
2026,J1,明治安田Ｊ１百年構想 EASTグループ,100yj1,14,第１４節第２日,2026-05-03,14:03,tk-v,kasw,1.0,0.0,味スタ,21569.0,finished,https://data.j-league.or.jp/SFMS01/search?competition_years=20261&competition_frame_ids=35&tv_relay_station_name=,2026-100yj1-14-tk-v-vs-kasw
2026,J1,明治安田Ｊ１百年構想 EASTグループ,100yj1,14,第１４節第２日,2026-05-03,16:03,kasm,mcd,1.0,1.0,メルスタ,31742.0,finished,https://data.j-league.or.jp/SFMS01/search?competition_years=20261&competition_frame_ids=35&tv_relay_station_name=,2026-100yj1-14-kasm-vs-mcd
2026,J1,明治安田Ｊ１百年構想 WESTグループ,100yj1,14,第１４節第２日,2026-05-03,15:03,c-os,fuku,1.0,1.0,ハナサカ,17310.0,finished,https://data.j-league.or.jp/SFMS01/search?competition_years=20261&competition_frame_ids=35&tv_relay_station_name=,2026-100yj1-14-c-os-vs-fuku
2026,J1,明治安田Ｊ１百年構想 WESTグループ,100yj1,14,第１４節第２日,2026-05-03,17:03,ngsk,nago,1.0,2.0,ピースタ,19630.0,finished,https://data.j-league.or.jp/SFMS01/search?competition_years=20261&competition_frame_ids=35&tv_relay_station_name=,2026-100yj1-14-ngsk-vs-nago
2026,J1,明治安田Ｊ１百年構想 EASTグループ,100yj1,15,第１５節第１日,2026-05-06,15:03,FCtk,chib,0.0,3.0,味スタ,29953.0,finished,https://data.j-league.or.jp/SFMS01/search?competition_years=20261&competition_frame_ids=35&tv_relay_station_name=,2026-100yj1-15-FCtk-vs-chib
2026,J1,明治安田Ｊ１百年構想 EASTグループ,100yj1,15,第１５節第１日,2026-05-06,16:03,mcd,y-fm,2.0,0.0,Ｇスタ,13616.0,finished,https://data.j-league.or.jp/SFMS01/search?competition_years=20261&competition_frame_ids=35&tv_relay_station_name=,2026-100yj1-15-mcd-vs-y-fm
2026,J1,明治安田Ｊ１百年構想 EASTグループ,100yj1,15,第１５節第１日,2026-05-06,16:03,kasm,mito,3.0,0.0,メルスタ,32274.0,finished,https://data.j-league.or.jp/SFMS01/search?competition_years=20261&competition_frame_ids=35&tv_relay_station_name=,2026-100yj1-15-kasm-vs-mito
2026,J1,明治安田Ｊ１百年構想 EASTグループ,100yj1,15,第１５節第１日,2026-05-06,17:03,ka-f,tk-v,1.0,0.0,Ｕ等々力,21743.0,finished,https://data.j-league.or.jp/SFMS01/search?competition_years=20261&competition_frame_ids=35&tv_relay_station_name=,2026-100yj1-15-ka-f-vs-tk-v
2026,J1,明治安田Ｊ１百年構想 EASTグループ,100yj1,15,第１５節第１日,2026-05-06,19:03,kasw,uraw,0.0,1.0,三協Ｆ柏,13258.0,finished,https://data.j-league.or.jp/SFMS01/search?competition_years=20261&competition_frame_ids=35&tv_relay_station_name=,2026-100yj1-15-kasw-vs-uraw
2026,J1,明治安田Ｊ１百年構想 WESTグループ,100yj1,15,第１５節第１日,2026-05-06,13:03,shim,c-os,1.0,1.0,アイスタ,14668.0,finished,https://data.j-league.or.jp/SFMS01/search?competition_years=20261&competition_frame_ids=35&tv_relay_station_name=,2026-100yj1-15-shim-vs-c-os
2026,J1,明治安田Ｊ１百年構想 WESTグループ,100yj1,15,第１５節第１日,2026-05-06,13:04,ngsk,okay,2.0,1.0,ピースタ,19802.0,finished,https://data.j-league.or.jp/SFMS01/search?competition_years=20261&competition_frame_ids=35&tv_relay_station_name=,2026-100yj1-15-ngsk-vs-okay
2026,J1,明治安田Ｊ１百年構想 WESTグループ,100yj1,15,第１５節第１日,2026-05-06,14:03,fuku,kyot,1.0,1.0,ベススタ,10407.0,finished,https://data.j-league.or.jp/SFMS01/search?competition_years=20261&competition_frame_ids=35&tv_relay_station_name=,2026-100yj1-15-fuku-vs-kyot
2026,J1,明治安田Ｊ１百年構想 WESTグループ,100yj1,15,第１５節第１日,2026-05-06,14:03,nago,g-os,2.0,1.0,豊田ス,38880.0,finished,https://data.j-league.or.jp/SFMS01/search?competition_years=20261&competition_frame_ids=35&tv_relay_station_name=,2026-100yj1-15-nago-vs-g-os
2026,J1,明治安田Ｊ１百年構想 WESTグループ,100yj1,15,第１５節第１日,2026-05-06,15:03,hiro,kobe,1.0,1.0,Ｅピース,27028.0,finished,https://data.j-league.or.jp/SFMS01/search?competition_years=20261&competition_frame_ids=35&tv_relay_station_name=,2026-100yj1-15-hiro-vs-kobe
2026,J1,明治安田Ｊ１百年構想 EASTグループ,100yj1,16,第１６節第１日,2026-05-09,14:03,mito,uraw,1.0,4.0,Ｋｓスタ,8788.0,finished,https://data.j-league.or.jp/SFMS01/search?competition_years=20261&competition_frame_ids=35&tv_relay_station_name=,2026-100yj1-16-mito-vs-uraw
2026,J1,明治安田Ｊ１百年構想 WESTグループ,100yj1,16,第１６節第１日,2026-05-09,16:03,c-os,ngsk,3.0,2.0,ハナサカ,17227.0,finished,https://data.j-league.or.jp/SFMS01/search?competition_years=20261&competition_frame_ids=35&tv_relay_station_name=,2026-100yj1-16-c-os-vs-ngsk
2026,J1,明治安田Ｊ１百年構想 EASTグループ,100yj1,16,第１６節第２日,2026-05-10,14:03,y-fm,kasm,1.0,1.0,日産ス,32182.0,finished,https://data.j-league.or.jp/SFMS01/search?competition_years=20261&competition_frame_ids=35&tv_relay_station_name=,2026-100yj1-16-y-fm-vs-kasm
2026,J1,明治安田Ｊ１百年構想 EASTグループ,100yj1,16,第１６節第２日,2026-05-10,15:03,FCtk,tk-v,2.0,1.0,味スタ,37538.0,finished,https://data.j-league.or.jp/SFMS01/search?competition_years=20261&competition_frame_ids=35&tv_relay_station_name=,2026-100yj1-16-FCtk-vs-tk-v
2026,J1,明治安田Ｊ１百年構想 EASTグループ,100yj1,16,第１６節第２日,2026-05-10,16:03,kasw,ka-f,1.0,0.0,三協Ｆ柏,13045.0,finished,https://data.j-league.or.jp/SFMS01/search?competition_years=20261&competition_frame_ids=35&tv_relay_station_name=,2026-100yj1-16-kasw-vs-ka-f
2026,J1,明治安田Ｊ１百年構想 EASTグループ,100yj1,16,第１６節第２日,2026-05-10,17:03,chib,mcd,0.0,2.0,フクアリ,12495.0,finished,https://data.j-league.or.jp/SFMS01/search?competition_years=20261&competition_frame_ids=35&tv_relay_station_name=,2026-100yj1-16-chib-vs-mcd
2026,J1,明治安田Ｊ１百年構想 WESTグループ,100yj1,16,第１６節第２日,2026-05-10,14:03,kobe,okay,0.0,3.0,ノエスタ,20713.0,finished,https://data.j-league.or.jp/SFMS01/search?competition_years=20261&competition_frame_ids=35&tv_relay_station_name=,2026-100yj1-16-kobe-vs-okay
2026,J1,明治安田Ｊ１百年構想 WESTグループ,100yj1,16,第１６節第２日,2026-05-10,14:03,shim,fuku,1.0,1.0,アイスタ,15616.0,finished,https://data.j-league.or.jp/SFMS01/search?competition_years=20261&competition_frame_ids=35&tv_relay_station_name=,2026-100yj1-16-shim-vs-fuku
2026,J1,明治安田Ｊ１百年構想 WESTグループ,100yj1,16,第１６節第２日,2026-05-10,15:03,g-os,hiro,0.0,1.0,パナスタ,28360.0,finished,https://data.j-league.or.jp/SFMS01/search?competition_years=20261&competition_frame_ids=35&tv_relay_station_name=,2026-100yj1-16-g-os-vs-hiro
2026,J1,明治安田Ｊ１百年構想 WESTグループ,100yj1,16,第１６節第２日,2026-05-10,16:03,nago,kyot,3.0,0.0,豊田ス,36461.0,finished,https://data.j-league.or.jp/SFMS01/search?competition_years=20261&competition_frame_ids=35&tv_relay_station_name=,2026-100yj1-16-nago-vs-kyot
2026,J1,明治安田Ｊ１百年構想 EASTグループ,100yj1,12,第１２節第３日,2026-05-13,19:03,mcd,tk-v,0.0,0.0,Ｇスタ,7624.0,finished,https://data.j-league.or.jp/SFMS01/search?competition_years=20261&competition_frame_ids=35&tv_relay_station_name=,2026-100yj1-12-mcd-vs-tk-v
2026,J1,明治安田Ｊ１百年構想 WESTグループ,100yj1,12,第１２節第２日,2026-05-13,19:03,kobe,kyot,1.0,0.0,ノエスタ,14587.0,finished,https://data.j-league.or.jp/SFMS01/search?competition_years=20261&competition_frame_ids=35&tv_relay_station_name=,2026-100yj1-12-kobe-vs-kyot
2026,J1,明治安田Ｊ１百年構想 EASTグループ,100yj1,17,第１７節第１日,2026-05-16,14:03,mito,tk-v,0.0,1.0,Ｋｓスタ,7123.0,finished,https://data.j-league.or.jp/SFMS01/search?competition_years=20261&competition_frame_ids=35&tv_relay_station_name=,2026-100yj1-17-mito-vs-tk-v
2026,J1,明治安田Ｊ１百年構想 EASTグループ,100yj1,17,第１７節第１日,2026-05-16,16:03,uraw,FCtk,0.0,0.0,埼玉,43064.0,finished,https://data.j-league.or.jp/SFMS01/search?competition_years=20261&competition_frame_ids=35&tv_relay_station_name=,2026-100yj1-17-uraw-vs-FCtk
2026,J1,明治安田Ｊ１百年構想 EASTグループ,100yj1,17,第１７節第１日,2026-05-16,17:03,y-fm,kasw,0.0,1.0,日産ス,26122.0,finished,https://data.j-league.or.jp/SFMS01/search?competition_years=20261&competition_frame_ids=35&tv_relay_station_name=,2026-100yj1-17-y-fm-vs-kasw
2026,J1,明治安田Ｊ１百年構想 EASTグループ,100yj1,17,第１７節第２日,2026-05-17,14:03,chib,kasm,0.0,2.0,フクアリ,17754.0,finished,https://data.j-league.or.jp/SFMS01/search?competition_years=20261&competition_frame_ids=35&tv_relay_station_name=,2026-100yj1-17-chib-vs-kasm
2026,J1,明治安田Ｊ１百年構想 EASTグループ,100yj1,17,第１７節第２日,2026-05-17,19:00,ka-f,mcd,,,Ｕ等々力,,unplayed,https://data.j-league.or.jp/SFMS01/search?competition_years=20261&competition_frame_ids=35&tv_relay_station_name=,2026-100yj1-17-ka-f-vs-mcd
2026,J1,明治安田Ｊ１百年構想 WESTグループ,100yj1,17,第１７節第２日,2026-05-17,13:04,ngsk,kobe,2.0,2.0,ピースタ,20361.0,finished,https://data.j-league.or.jp/SFMS01/search?competition_years=20261&competition_frame_ids=35&tv_relay_station_name=,2026-100yj1-17-ngsk-vs-kobe
2026,J1,明治安田Ｊ１百年構想 WESTグループ,100yj1,17,第１７節第２日,2026-05-17,14:03,okay,shim,2.0,0.0,ＪＦＥス,13758.0,finished,https://data.j-league.or.jp/SFMS01/search?competition_years=20261&competition_frame_ids=35&tv_relay_station_name=,2026-100yj1-17-okay-vs-shim
2026,J1,明治安田Ｊ１百年構想 WESTグループ,100yj1,17,第１７節第２日,2026-05-17,15:03,kyot,hiro,0.0,4.0,サンガＳ,16040.0,finished,https://data.j-league.or.jp/SFMS01/search?competition_years=20261&competition_frame_ids=35&tv_relay_station_name=,2026-100yj1-17-kyot-vs-hiro
2026,J1,明治安田Ｊ１百年構想 WESTグループ,100yj1,17,第１７節第２日,2026-05-17,15:03,c-os,nago,6.0,1.0,ハナサカ,19001.0,finished,https://data.j-league.or.jp/SFMS01/search?competition_years=20261&competition_frame_ids=35&tv_relay_station_name=,2026-100yj1-17-c-os-vs-nago
2026,J1,明治安田Ｊ１百年構想 EASTグループ,100yj1,18,第１８節第１日,2026-05-22,19:30,mcd,uraw,,,MUFG国立,,unplayed,https://data.j-league.or.jp/SFMS01/search?competition_years=20261&competition_frame_ids=35&tv_relay_station_name=,2026-100yj1-18-mcd-vs-uraw
2026,J1,明治安田Ｊ１百年構想 EASTグループ,100yj1,18,第１８節第２日,2026-05-23,17:30,kasm,FCtk,,,メルスタ,,unplayed,https://data.j-league.or.jp/SFMS01/search?competition_years=20261&competition_frame_ids=35&tv_relay_station_name=,2026-100yj1-18-kasm-vs-FCtk
2026,J1,明治安田Ｊ１百年構想 EASTグループ,100yj1,18,第１８節第２日,2026-05-23,18:00,kasw,chib,,,三協Ｆ柏,,unplayed,https://data.j-league.or.jp/SFMS01/search?competition_years=20261&competition_frame_ids=35&tv_relay_station_name=,2026-100yj1-18-kasw-vs-chib
2026,J1,明治安田Ｊ１百年構想 WESTグループ,100yj1,18,第１８節第１日,2026-05-23,14:00,hiro,nago,,,Ｅピース,,unplayed,https://data.j-league.or.jp/SFMS01/search?competition_years=20261&competition_frame_ids=35&tv_relay_station_name=,2026-100yj1-18-hiro-vs-nago
2026,J1,明治安田Ｊ１百年構想 WESTグループ,100yj1,18,第１８節第１日,2026-05-23,14:00,fuku,kobe,,,ベススタ,,unplayed,https://data.j-league.or.jp/SFMS01/search?competition_years=20261&competition_frame_ids=35&tv_relay_station_name=,2026-100yj1-18-fuku-vs-kobe
2026,J1,明治安田Ｊ１百年構想 WESTグループ,100yj1,18,第１８節第１日,2026-05-23,19:00,kyot,ngsk,,,サンガＳ,,unplayed,https://data.j-league.or.jp/SFMS01/search?competition_years=20261&competition_frame_ids=35&tv_relay_station_name=,2026-100yj1-18-kyot-vs-ngsk
2026,J1,明治安田Ｊ１百年構想 EASTグループ,100yj1,18,第１８節第３日,2026-05-24,14:00,mito,ka-f,,,Ｋｓスタ,,unplayed,https://data.j-league.or.jp/SFMS01/search?competition_years=20261&competition_frame_ids=35&tv_relay_station_name=,2026-100yj1-18-mito-vs-ka-f
2026,J1,明治安田Ｊ１百年構想 EASTグループ,100yj1,18,第１８節第３日,2026-05-24,14:00,tk-v,y-fm,,,味スタ,,unplayed,https://data.j-league.or.jp/SFMS01/search?competition_years=20261&competition_frame_ids=35&tv_relay_station_name=,2026-100yj1-18-tk-v-vs-y-fm
2026,J1,明治安田Ｊ１百年構想 WESTグループ,100yj1,18,第１８節第２日,2026-05-24,12:55,okay,c-os,,,ＪＦＥス,,unplayed,https://data.j-league.or.jp/SFMS01/search?competition_years=20261&competition_frame_ids=35&tv_relay_station_name=,2026-100yj1-18-okay-vs-c-os
2026,J1,明治安田Ｊ１百年構想 WESTグループ,100yj1,18,第１８節第２日,2026-05-24,17:00,shim,g-os,,,MUFG国立,,unplayed,https://data.j-league.or.jp/SFMS01/search?competition_years=20261&competition_frame_ids=35&tv_relay_station_name=,2026-100yj1-18-shim-vs-g-os
2026,J1,明治安田Ｊ１百年構想 プレーオフラウンド,100yj1,101,第１戦第１日,2026-05-30,14:00,nago,tbd,,,パロ瑞穂,,postponed_or_tbd,https://data.j-league.or.jp/SFMS01/search?competition_years=20261&competition_frame_ids=35&tv_relay_station_name=,2026-100yj1-101-nago-vs-tbd
2026,J1,明治安田Ｊ１百年構想 プレーオフラウンド,100yj1,101,第１戦第１日,2026-05-30,14:00,hiro,tbd,,,Ｅピース,,postponed_or_tbd,https://data.j-league.or.jp/SFMS01/search?competition_years=20261&competition_frame_ids=35&tv_relay_station_name=,2026-100yj1-101-hiro-vs-tbd
2026,J1,明治安田Ｊ１百年構想 プレーオフラウンド,100yj1,101,第１戦第１日,2026-05-30,15:00,c-os,tbd,,,ハナサカ,,postponed_or_tbd,https://data.j-league.or.jp/SFMS01/search?competition_years=20261&competition_frame_ids=35&tv_relay_station_name=,2026-100yj1-101-c-os-vs-tbd
2026,J1,明治安田Ｊ１百年構想 プレーオフラウンド,100yj1,101,第１戦第１日,2026-05-30,15:00,kobe,tbd,,,ノエスタ,,postponed_or_tbd,https://data.j-league.or.jp/SFMS01/search?competition_years=20261&competition_frame_ids=35&tv_relay_station_name=,2026-100yj1-101-kobe-vs-tbd
2026,J1,明治安田Ｊ１百年構想 プレーオフラウンド,100yj1,101,第１戦第１日,2026-05-30,16:00,g-os,tbd,,,パナスタ,,postponed_or_tbd,https://data.j-league.or.jp/SFMS01/search?competition_years=20261&competition_frame_ids=35&tv_relay_station_name=,2026-100yj1-101-g-os-vs-tbd
2026,J1,明治安田Ｊ１百年構想 プレーオフラウンド,100yj1,101,第１戦第１日,2026-05-30,16:00,fuku,tbd,,,ベススタ,,postponed_or_tbd,https://data.j-league.or.jp/SFMS01/search?competition_years=20261&competition_frame_ids=35&tv_relay_station_name=,2026-100yj1-101-fuku-vs-tbd
2026,J1,明治安田Ｊ１百年構想 プレーオフラウンド,100yj1,101,第１戦第１日,2026-05-30,17:00,ngsk,tbd,,,ピースタ,,postponed_or_tbd,https://data.j-league.or.jp/SFMS01/search?competition_years=20261&competition_frame_ids=35&tv_relay_station_name=,2026-100yj1-101-ngsk-vs-tbd
2026,J1,明治安田Ｊ１百年構想 プレーオフラウンド,100yj1,101,第１戦第１日,2026-05-30,19:00,kyot,tbd,,,サンガＳ,,postponed_or_tbd,https://data.j-league.or.jp/SFMS01/search?competition_years=20261&competition_frame_ids=35&tv_relay_station_name=,2026-100yj1-101-kyot-vs-tbd
2026,J1,明治安田Ｊ１百年構想 プレーオフラウンド,100yj1,102,第１戦第２日,2026-05-31,14:00,shim,tbd,,,アイスタ,,postponed_or_tbd,https://data.j-league.or.jp/SFMS01/search?competition_years=20261&competition_frame_ids=35&tv_relay_station_name=,2026-100yj1-102-shim-vs-tbd
2026,J1,明治安田Ｊ１百年構想 プレーオフラウンド,100yj1,102,第１戦第２日,2026-05-31,14:00,okay,tbd,,,ＪＦＥス,,postponed_or_tbd,https://data.j-league.or.jp/SFMS01/search?competition_years=20261&competition_frame_ids=35&tv_relay_station_name=,2026-100yj1-102-okay-vs-tbd
2026,J1,明治安田Ｊ１百年構想 プレーオフラウンド,100yj1,201,第２戦第１日,2026-06-06,14:00,chib,tbd,,,フクアリ,,postponed_or_tbd,https://data.j-league.or.jp/SFMS01/search?competition_years=20261&competition_frame_ids=35&tv_relay_station_name=,2026-100yj1-201-chib-vs-tbd
2026,J1,明治安田Ｊ１百年構想 プレーオフラウンド,100yj1,201,第２戦第１日,2026-06-06,14:00,FCtk,tbd,,,MUFG国立,,postponed_or_tbd,https://data.j-league.or.jp/SFMS01/search?competition_years=20261&competition_frame_ids=35&tv_relay_station_name=,2026-100yj1-201-FCtk-vs-tbd
2026,J1,明治安田Ｊ１百年構想 プレーオフラウンド,100yj1,201,第２戦第１日,2026-06-06,15:00,kasm,tbd,,,メルスタ,,postponed_or_tbd,https://data.j-league.or.jp/SFMS01/search?competition_years=20261&competition_frame_ids=35&tv_relay_station_name=,2026-100yj1-201-kasm-vs-tbd
2026,J1,明治安田Ｊ１百年構想 プレーオフラウンド,100yj1,201,第２戦第１日,2026-06-06,15:00,mito,tbd,,,Ｋｓスタ,,postponed_or_tbd,https://data.j-league.or.jp/SFMS01/search?competition_years=20261&competition_frame_ids=35&tv_relay_station_name=,2026-100yj1-201-mito-vs-tbd
2026,J1,明治安田Ｊ１百年構想 プレーオフラウンド,100yj1,201,第２戦第１日,2026-06-06,15:00,mcd,tbd,,,Ｇスタ,,postponed_or_tbd,https://data.j-league.or.jp/SFMS01/search?competition_years=20261&competition_frame_ids=35&tv_relay_station_name=,2026-100yj1-201-mcd-vs-tbd
2026,J1,明治安田Ｊ１百年構想 プレーオフラウンド,100yj1,201,第２戦第１日,2026-06-06,16:00,uraw,tbd,,,埼玉,,postponed_or_tbd,https://data.j-league.or.jp/SFMS01/search?competition_years=20261&competition_frame_ids=35&tv_relay_station_name=,2026-100yj1-201-uraw-vs-tbd
2026,J1,明治安田Ｊ１百年構想 プレーオフラウンド,100yj1,201,第２戦第１日,2026-06-06,16:00,tk-v,tbd,,,味スタ,,postponed_or_tbd,https://data.j-league.or.jp/SFMS01/search?competition_years=20261&competition_frame_ids=35&tv_relay_station_name=,2026-100yj1-201-tk-v-vs-tbd
2026,J1,明治安田Ｊ１百年構想 プレーオフラウンド,100yj1,201,第２戦第１日,2026-06-06,17:00,y-fm,tbd,,,日産ス,,postponed_or_tbd,https://data.j-league.or.jp/SFMS01/search?competition_years=20261&competition_frame_ids=35&tv_relay_station_name=,2026-100yj1-201-y-fm-vs-tbd
2026,J1,明治安田Ｊ１百年構想 プレーオフラウンド,100yj1,201,第２戦第１日,2026-06-06,18:00,kasw,tbd,,,三協Ｆ柏,,postponed_or_tbd,https://data.j-league.or.jp/SFMS01/search?competition_years=20261&competition_frame_ids=35&tv_relay_station_name=,2026-100yj1-201-kasw-vs-tbd
2026,J1,明治安田Ｊ１百年構想 プレーオフラウンド,100yj1,201,第２戦第１日,2026-06-06,19:00,ka-f,tbd,,,Ｕ等々力,,postponed_or_tbd,https://data.j-league.or.jp/SFMS01/search?competition_years=20261&competition_frame_ids=35&tv_relay_station_name=,2026-100yj1-201-ka-f-vs-tbd
